Workbook

Sheet Planilhas de Base
A1: Total de Posts | B1: =COUNTA(Tabela1[DATA]) -> 0 | D1: Soma Engajamento Imagem | E1: =SUMIFS(Tabela1[ENGAJAMENTO],Tabela1[FORMATO],'Campos de Selação'!A1) -> 0
A2: Qtd. Imagens | B2: =COUNTIF(Tabela1[FORMATO],'Campos de Selação'!A1) -> 0 | D2: Soma Engajamento Video | E2: =SUMIFS(Tabela1[ENGAJAMENTO],Tabela1[FORMATO],'Campos de Selação'!A2) -> 0
A3: Qtd. Vídeos | B3: =COUNTIF(Tabela1[FORMATO],'Campos de Selação'!A2) -> 0 | D3: Imagem | E3: =IFERROR((E1/B2),0) -> 0 | F3: <- Média de engajamento
A4: Soma Total Engajamento | B4: =SUM(Tabela1[ENGAJAMENTO]) -> 0 | D4: Vídeo | E4: =IFERROR((E2/B3),0) -> 0 | F4: <- Média de engajamento
A7: Informativo | B7: =SUMIFS(Tabela1[ENGAJAMENTO],Tabela1[TEMA],'Campos de Selação'!B1) -> 0 | C7: <- Soma do engajamento | D7: =(B7 / $B$4) -> #DIV/0! | E7: <- Divide pelo total
A8: Infográfico | B8: =SUMIFS(Tabela1[ENGAJAMENTO],Tabela1[TEMA],'Campos de Selação'!B2) -> 0 | C8: <- Soma do engajamento | D8: =(B8 / $B$4) -> #DIV/0! | E8: <- Divide pelo total
A9: Publicidade | B9: =SUMIFS(Tabela1[ENGAJAMENTO],Tabela1[TEMA],'Campos de Selação'!B3) -> 0 | C9: <- Soma do engajamento | D9: =(B9 / $B$4) -> #DIV/0! | E9: <- Divide pelo total
A10: Promocional | B10: =SUMIFS(Tabela1[ENGAJAMENTO],Tabela1[TEMA],'Campos de Selação'!B4) -> 0 | C10: <- Soma do engajamento | D10: =(B10 / $B$4) -> #DIV/0! | E10: <- Divide pelo total
A11: Criação de Marca | B11: =SUMIFS(Tabela1[ENGAJAMENTO],Tabela1[TEMA],'Campos de Selação'!B5) -> 0 | C11: <- Soma do engajamento | D11: =(B11 / $B$4) -> #DIV/0! | E11: <- Divide pelo total
A13: Curtidas | B13: =SUM(Tabela1[CURTIDAS]) -> 0 | C13: =(B13/$B$17) -> #DIV/0! | D13: <-- Soma total de todas as linhas
A14: Comentários | B14: =SUM(Tabela1[COMENTÁRIOS]) -> 0 | C14: =(B14/$B$17) -> #DIV/0! | D14: <-- Soma total de todas as linhas
A15: Salvos | B15: =SUM(Tabela1[SALVOS]) -> 0 | C15: =(B15/$B$17) -> #DIV/0! | D15: <-- Soma total de todas as linhas
A16: Sem Interação | B16: =(B17-(B13+B14+B15)) -> 0 | C16: =(1 - (C13+C14+C15)) -> #DIV/0!
A17: Alcance Total | B17: =SUM(Tabela1[ALCANCE]) -> 0 | C17: =(B17/$B$17) -> #DIV/0! | D17: <-- Soma total de todas as linhas

Sheet Campos de Selação
A1: Imagem | B1: Informativo
A2: Video | B2: Infográfico
B3: Publicidade
B4: Promocional
B5: Criação de Marca

Sheet Dashboard

Sheet Calendário de Postagens
A1: PLANILHA DE ORGANIZAÇÃO PARA INSTAGRAM | F1: INTERAÇÃO NAS PRIMEIRAS 24 HORAS
A2: Use a tecla TAB para adicionar valores a tabela.
A3: DATA | B3: HORA | C3: ASSUNTO | D3: FORMATO | E3: TEMA | F3: CURTIDAS | G3: COMENTÁRIOS | H3: SALVOS | I3: ALCANCE | J3: ENGAJAMENTO
J16: =IFERROR((((Tabela1[[#This Row],[CURTIDAS]]+Tabela1[[#This Row],[COMENTÁRIOS]]+Tabela1[[#This Row],[SALVOS]])/Tabela1[[#This Row],[ALCANCE]])),"")
J17: =IFERROR((((Tabela1[[#This Row],[CURTIDAS]]+Tabela1[[#This Row],[COMENTÁRIOS]]+Tabela1[[#This Row],[SALVOS]])/Tabela1[[#This Row],[ALCANCE]])),"")
J18: =IFERROR((((Tabela1[[#This Row],[CURTIDAS]]+Tabela1[[#This Row],[COMENTÁRIOS]]+Tabela1[[#This Row],[SALVOS]])/Tabela1[[#This Row],[ALCANCE]])),"")
J19: =IFERROR((((Tabela1[[#This Row],[CURTIDAS]]+Tabela1[[#This Row],[COMENTÁRIOS]]+Tabela1[[#This Row],[SALVOS]])/Tabela1[[#This Row],[ALCANCE]])),"")
J20: =IFERROR((((Tabela1[[#This Row],[CURTIDAS]]+Tabela1[[#This Row],[COMENTÁRIOS]]+Tabela1[[#This Row],[SALVOS]])/Tabela1[[#This Row],[ALCANCE]])),"")
J21: =IFERROR((((Tabela1[[#This Row],[CURTIDAS]]+Tabela1[[#This Row],[COMENTÁRIOS]]+Tabela1[[#This Row],[SALVOS]])/Tabela1[[#This Row],[ALCANCE]])),"")
J22: =IFERROR((((Tabela1[[#This Row],[CURTIDAS]]+Tabela1[[#This Row],[COMENTÁRIOS]]+Tabela1[[#This Row],[SALVOS]])/Tabela1[[#This Row],[ALCANCE]])),"")
J23: =IFERROR((((Tabela1[[#This Row],[CURTIDAS]]+Tabela1[[#This Row],[COMENTÁRIOS]]+Tabela1[[#This Row],[SALVOS]])/Tabela1[[#This Row],[ALCANCE]])),"")
J24: =IFERROR((((Tabela1[[#This Row],[CURTIDAS]]+Tabela1[[#This Row],[COMENTÁRIOS]]+Tabela1[[#This Row],[SALVOS]])/Tabela1[[#This Row],[ALCANCE]])),"")
J25: =IFERROR((((Tabela1[[#This Row],[CURTIDAS]]+Tabela1[[#This Row],[COMENTÁRIOS]]+Tabela1[[#This Row],[SALVOS]])/Tabela1[[#This Row],[ALCANCE]])),"")
J26: =IFERROR((((Tabela1[[#This Row],[CURTIDAS]]+Tabela1[[#This Row],[COMENTÁRIOS]]+Tabela1[[#This Row],[SALVOS]])/Tabela1[[#This Row],[ALCANCE]])),"")
J27: =IFERROR((((Tabela1[[#This Row],[CURTIDAS]]+Tabela1[[#This Row],[COMENTÁRIOS]]+Tabela1[[#This Row],[SALVOS]])/Tabela1[[#This Row],[ALCANCE]])),"")
... J100: =IFERROR((((Tabela1[[#This Row],[CURTIDAS]]+Tabela1[[#This Row],[COMENTÁRIOS]]+Tabela1[[#This Row],[SALVOS]])/Tabela1[[#This Row],[ALCANCE]])),"")
